title,type,genre,country,release_year,rating
Red Horizon,Movie,Action,USA,2018,PG-13
Love in Paris,Movie,Romance,France,2020,PG
Mystery Lake,TV Show,Thriller,Canada,2019,TV-MA
Space Journey,Movie,Sci-Fi,USA,2021,PG-13
The Last Chef,TV Show,Reality,UK,2017,TV-14
Dark Streets,Movie,Crime,USA,2016,R
Royal Affairs,TV Show,Drama,UK,2022,TV-MA
Tokyo Nights,Movie,Drama,Japan,2019,PG-13
Laugh Out Loud,TV Show,Comedy,USA,2015,TV-14
Hidden Truth,Movie,Thriller,Germany,2018,R
Ocean Deep,Documentary,Documentary,Australia,2020,PG
City Lights,Movie,Romance,India,2021,PG
Wild Rescue,TV Show,Reality,USA,2019,TV-G
Cyber Future,Movie,Sci-Fi,USA,2022,PG-13
Ancient Worlds,Documentary,History,UK,2018,PG
Desert Storm,Movie,Action,USA,2017,R
Heartbeats,Movie,Romance,Spain,2020,PG-13
Mind Games,TV Show,Thriller,USA,2021,TV-MA
Cooking Master,TV Show,Reality,France,2016,TV-G
Jungle Quest,Movie,Adventure,Brazil,2019,PG
Winter War,Movie,Action,Canada,2018,R
Galaxy Wars,TV Show,Sci-Fi,USA,2022,TV-14
Silent Witness,Movie,Crime,UK,2017,PG-13
Island Escape,Movie,Adventure,Australia,2021,PG
Love & Lies,TV Show,Drama,India,2020,TV-14
Robot Age,Movie,Sci-Fi,Japan,2019,PG-13
Laugh Factory,TV Show,Comedy,USA,2018,TV-G
Haunted Manor,Movie,Horror,USA,2016,R
Global Eats,Documentary,Documentary,USA,2021,PG
The Detectives,TV Show,Crime,UK,2019,TV-MA
Summer Dreams,Movie,Romance,USA,2022,PG
Deep Space,Movie,Sci-Fi,Canada,2017,PG-13
Comedy Nights,TV Show,Comedy,India,2018,TV-G
War Chronicles,Documentary,History,USA,2015,PG
Street Kings,Movie,Crime,USA,2020,R
Mystic River,TV Show,Drama,USA,2021,TV-14
Chefâ€™s Table,TV Show,Reality,USA,2022,TV-G
Hidden Galaxy,Movie,Sci-Fi,UK,2019,PG-13
Lost Kingdom,Movie,Adventure,USA,2018,PG
Paris Love,Movie,Romance,France,2017,PG
Crime Files,TV Show,Crime,Germany,2020,TV-MA
Action Heroes,Movie,Action,USA,2021,PG-13
Island Survival,TV Show,Reality,Australia,2019,TV-14
The Unknown,Movie,Horror,USA,2022,R
Laugh Riot,TV Show,Comedy,UK,2016,TV-G
Future City,Movie,Sci-Fi,USA,2018,PG-13
Drama High,TV Show,Drama,Canada,2017,TV-14
Ancient Secrets,Documentary,History,India,2021,PG
Speed Rush,Movie,Action,USA,2019,PG-13
Romantic Escape,Movie,Romance,Italy,2020,PG
Thrill Point,Movie,Thriller,USA,2021,R
Culinary World,TV Show,Reality,Spain,2018,TV-G
Haunted Woods,Movie,Horror,Canada,2017,R
The Empire,TV Show,Drama,USA,2022,TV-MA
Comedy Central,TV Show,Comedy,USA,2019,TV-14
Sky Adventure,Movie,Adventure,UK,2020,PG
Battle Zone,Movie,Action,USA,2016,R
World History,Documentary,History,USA,2019,PG
Galaxy Force,Movie,Sci-Fi,USA,2022,PG-13
Urban Crime,TV Show,Crime,USA,2021,TV-MA
